-- phpMyAdmin SQL Dump
-- version 5.2.1
-- https://www.phpmyadmin.net/
--
-- Host: 127.0.0.1
-- Generation Time: May 09, 2024 at 05:17 AM
-- Server version: 10.4.32-MariaDB
-- PHP Version: 8.2.12

SET SQL_MODE = "NO_AUTO_VALUE_ON_ZERO";
START TRANSACTION;
SET time_zone = "+00:00";


/*!40101 SET @OLD_CHARACTER_SET_CLIENT=@@CHARACTER_SET_CLIENT */;
/*!40101 SET @OLD_CHARACTER_SET_RESULTS=@@CHARACTER_SET_RESULTS */;
/*!40101 SET @OLD_COLLATION_CONNECTION=@@COLLATION_CONNECTION */;
/*!40101 SET NAMES utf8mb4 */;

--
-- Database: `spending_scanner`
--

-- --------------------------------------------------------

--
-- Stand-in structure for view `all_spending`
-- (See below for the actual view)
--
CREATE TABLE `all_spending` (
`date` date
,`total_product_price` decimal(32,2)
);

-- --------------------------------------------------------

--
-- Stand-in structure for view `books_spending`
-- (See below for the actual view)
--
CREATE TABLE `books_spending` (
`date` date
,`total_product_price` decimal(32,2)
);

-- --------------------------------------------------------

--
-- Table structure for table `category`
--

CREATE TABLE `category` (
  `category_id` varchar(50) NOT NULL,
  `category_name` varchar(255) DEFAULT NULL
) ENGINE=InnoDB DEFAULT CHARSET=utf8mb4 COLLATE=utf8mb4_general_ci;

--
-- Dumping data for table `category`
--

INSERT INTO `category` (`category_id`, `category_name`) VALUES
('1', 'electronics'),
('2', 'clothing'),
('3', 'books'),
('4', 'furniture'),
('5', 'games'),
('6', 'foods'),
('7', 'health'),
('8', 'traffic'),
('9', 'other');

-- --------------------------------------------------------

--
-- Stand-in structure for view `category_summary`
-- (See below for the actual view)
--
CREATE TABLE `category_summary` (
`category_name` varchar(255)
,`total_spending` decimal(32,2)
,`spending_percentage` varchar(41)
);

-- --------------------------------------------------------

--
-- Stand-in structure for view `clothing_spending`
-- (See below for the actual view)
--
CREATE TABLE `clothing_spending` (
`date` date
,`total_product_price` decimal(32,2)
);

-- --------------------------------------------------------

--
-- Table structure for table `date`
--

CREATE TABLE `date` (
  `date_id` varchar(50) NOT NULL,
  `date` date DEFAULT NULL
) ENGINE=InnoDB DEFAULT CHARSET=utf8mb4 COLLATE=utf8mb4_general_ci;

--
-- Dumping data for table `date`
--

INSERT INTO `date` (`date_id`, `date`) VALUES
('1', '2024-04-01'),
('10', '2024-04-10'),
('100', '2024-06-25'),
('101', '2024-06-26'),
('102', '2024-06-27'),
('103', '2024-06-28'),
('104', '2024-06-29'),
('105', '2024-06-30'),
('106', '2024-07-01'),
('107', '2024-07-02'),
('108', '2024-07-03'),
('109', '2024-07-04'),
('11', '2024-03-26'),
('110', '2024-07-05'),
('111', '2024-07-06'),
('112', '2024-07-07'),
('113', '2024-07-08'),
('114', '2024-07-09'),
('115', '2024-07-10'),
('116', '2024-07-11'),
('117', '2024-07-12'),
('118', '2024-07-13'),
('119', '2024-07-14'),
('12', '2024-03-28'),
('120', '2024-07-15'),
('121', '2024-07-16'),
('122', '2024-07-17'),
('123', '2024-07-18'),
('124', '2024-07-19'),
('125', '2024-07-20'),
('126', '2024-07-21'),
('127', '2024-07-22'),
('128', '2024-07-23'),
('129', '2024-07-24'),
('13', '2024-03-27'),
('130', '2024-07-25'),
('131', '2024-07-26'),
('132', '2024-07-27'),
('133', '2024-07-28'),
('134', '2024-07-29'),
('135', '2024-07-30'),
('136', '2024-08-01'),
('137', '2024-08-02'),
('138', '2024-08-03'),
('139', '2024-08-04'),
('14', '2024-03-30'),
('140', '2024-08-05'),
('141', '2024-08-06'),
('142', '2024-08-07'),
('143', '2024-08-08'),
('144', '2024-08-09'),
('145', '2024-08-10'),
('146', '2024-08-11'),
('147', '2024-08-12'),
('148', '2024-08-13'),
('149', '2024-08-14'),
('15', '2024-03-29'),
('150', '2024-08-15'),
('151', '2024-08-16'),
('152', '2024-08-17'),
('153', '2024-08-18'),
('154', '2024-08-19'),
('155', '2024-08-20'),
('156', '2024-08-21'),
('157', '2024-08-22'),
('158', '2024-08-23'),
('159', '2024-08-24'),
('16', '2024-04-01'),
('160', '2024-08-25'),
('161', '2024-08-26'),
('162', '2024-08-27'),
('163', '2024-08-28'),
('164', '2024-08-29'),
('165', '2024-08-30'),
('166', '2024-09-01'),
('167', '2024-09-02'),
('168', '2024-09-03'),
('169', '2024-09-04'),
('17', '2024-04-02'),
('170', '2024-09-05'),
('171', '2024-09-06'),
('172', '2024-09-07'),
('173', '2024-09-08'),
('174', '2024-09-09'),
('175', '2024-09-10'),
('176', '2024-09-11'),
('177', '2024-09-12'),
('178', '2024-09-13'),
('179', '2024-09-14'),
('18', '2024-04-03'),
('180', '2024-09-15'),
('181', '2024-09-16'),
('182', '2024-09-17'),
('183', '2024-09-18'),
('184', '2024-09-19'),
('185', '2024-09-20'),
('186', '2024-09-21'),
('187', '2024-09-22'),
('188', '2024-09-23'),
('189', '2024-09-24'),
('19', '2024-04-04'),
('190', '2024-09-25'),
('191', '2024-09-26'),
('192', '2024-09-27'),
('193', '2024-09-28'),
('194', '2024-09-29'),
('195', '2024-09-30'),
('196', '2024-10-01'),
('197', '2024-10-02'),
('198', '2024-10-03'),
('199', '2024-10-04'),
('2', '2024-04-02'),
('20', '2024-04-05'),
('200', '2024-10-05'),
('201', '2024-10-06'),
('202', '2024-10-07'),
('203', '2024-10-08'),
('204', '2024-10-09'),
('205', '2024-10-10'),
('206', '2024-10-11'),
('207', '2024-10-12'),
('208', '2024-10-13'),
('209', '2024-10-14'),
('21', '2024-04-06'),
('210', '2024-10-15'),
('211', '2024-10-16'),
('212', '2024-10-17'),
('213', '2024-10-18'),
('214', '2024-10-19'),
('215', '2024-10-20'),
('216', '2024-10-21'),
('217', '2024-10-22'),
('218', '2024-10-23'),
('219', '2024-10-24'),
('22', '2024-04-07'),
('220', '2024-10-25'),
('221', '2024-10-26'),
('222', '2024-10-27'),
('223', '2024-10-28'),
('224', '2024-10-29'),
('225', '2024-10-30'),
('226', '2024-11-01'),
('227', '2024-11-02'),
('228', '2024-11-03'),
('229', '2024-11-04'),
('23', '2024-04-08'),
('230', '2024-11-05'),
('231', '2024-11-06'),
('232', '2024-11-07'),
('233', '2024-11-08'),
('234', '2024-11-09'),
('235', '2024-11-10'),
('236', '2024-11-11'),
('237', '2024-11-12'),
('238', '2024-11-13'),
('239', '2024-11-14'),
('24', '2024-04-09'),
('240', '2024-11-15'),
('241', '2024-11-16'),
('242', '2024-11-17'),
('243', '2024-11-18'),
('244', '2024-11-19'),
('245', '2024-11-20'),
('246', '2024-11-21'),
('247', '2024-11-22'),
('248', '2024-11-23'),
('249', '2024-11-24'),
('25', '2024-04-10'),
('250', '2024-11-25'),
('251', '2024-11-26'),
('252', '2024-11-27'),
('253', '2024-11-28'),
('254', '2024-11-29'),
('255', '2024-11-30'),
('256', '2024-12-01'),
('257', '2024-12-02'),
('258', '2024-12-03'),
('259', '2024-12-04'),
('26', '2024-04-11'),
('260', '2024-12-05'),
('261', '2024-12-06'),
('262', '2024-12-07'),
('263', '2024-12-08'),
('264', '2024-12-09'),
('265', '2024-12-10'),
('266', '2024-12-11'),
('267', '2024-12-12'),
('268', '2024-12-13'),
('269', '2024-12-14'),
('27', '2024-04-12'),
('270', '2024-12-15'),
('271', '2024-12-16'),
('272', '2024-12-17'),
('273', '2024-12-18'),
('274', '2024-12-19'),
('275', '2024-12-20'),
('276', '2024-12-21'),
('277', '2024-12-22'),
('278', '2024-12-23'),
('279', '2024-12-24'),
('28', '2024-04-13'),
('280', '2024-12-25'),
('281', '2024-12-26'),
('282', '2024-12-27'),
('283', '2024-12-28'),
('284', '2024-12-29'),
('285', '2024-12-30'),
('286', '2024-12-31'),
('287', '2025-01-01'),
('288', '2025-01-02'),
('289', '2025-01-03'),
('29', '2024-04-14'),
('290', '2025-01-04'),
('291', '2025-01-05'),
('292', '2025-01-06'),
('293', '2025-01-07'),
('294', '2025-01-08'),
('295', '2025-01-09'),
('296', '2025-01-10'),
('297', '2025-01-11'),
('298', '2025-01-12'),
('299', '2025-01-13'),
('3', '2024-04-03'),
('30', '2024-04-15'),
('300', '2025-01-14'),
('31', '2024-04-16'),
('32', '2024-04-17'),
('33', '2024-04-18'),
('34', '2024-04-19'),
('35', '2024-04-20'),
('36', '2024-04-21'),
('37', '2024-04-22'),
('38', '2024-04-23'),
('39', '2024-04-24'),
('4', '2024-04-04'),
('40', '2024-04-25'),
('41', '2024-04-26'),
('42', '2024-04-27'),
('43', '2024-04-28'),
('44', '2024-04-29'),
('45', '2024-04-30'),
('46', '2024-05-01'),
('47', '2024-05-02'),
('48', '2024-05-03'),
('49', '2024-05-04'),
('5', '2024-04-05'),
('50', '2024-05-05'),
('51', '2024-05-06'),
('52', '2024-05-07'),
('53', '2024-05-08'),
('54', '2024-05-09'),
('55', '2024-05-10'),
('56', '2024-05-11'),
('57', '2024-05-12'),
('58', '2024-05-13'),
('59', '2024-05-14'),
('6', '2024-04-06'),
('60', '2024-05-15'),
('61', '2024-05-16'),
('62', '2024-05-17'),
('63', '2024-05-18'),
('64', '2024-05-19'),
('65', '2024-05-20'),
('66', '2024-05-21'),
('67', '2024-05-22'),
('68', '2024-05-23'),
('69', '2024-05-24'),
('7', '2024-04-07'),
('70', '2024-05-25'),
('71', '2024-05-26'),
('72', '2024-05-27'),
('73', '2024-05-28'),
('74', '2024-05-29'),
('75', '2024-05-30'),
('76', '2024-06-01'),
('77', '2024-06-02'),
('78', '2024-06-03'),
('79', '2024-06-04'),
('8', '2024-04-08'),
('80', '2024-06-05'),
('81', '2024-06-06'),
('82', '2024-06-07'),
('83', '2024-06-08'),
('84', '2024-06-09'),
('85', '2024-06-10'),
('86', '2024-06-11'),
('87', '2024-06-12'),
('88', '2024-06-13'),
('89', '2024-06-14'),
('9', '2024-04-09'),
('90', '2024-06-15'),
('91', '2024-06-16'),
('92', '2024-06-17'),
('93', '2024-06-18'),
('94', '2024-06-19'),
('95', '2024-06-20'),
('96', '2024-06-21'),
('97', '2024-06-22'),
('98', '2024-06-23'),
('99', '2024-06-24');

-- --------------------------------------------------------

--
-- Stand-in structure for view `electronics_spending`
-- (See below for the actual view)
--
CREATE TABLE `electronics_spending` (
`date` date
,`total_product_price` decimal(32,2)
);

-- --------------------------------------------------------

--
-- Table structure for table `faktur`
--

CREATE TABLE `faktur` (
  `receipt_id` varchar(50) NOT NULL,
  `user_id` varchar(50) DEFAULT NULL,
  `date_id` varchar(50) DEFAULT NULL
) ENGINE=InnoDB DEFAULT CHARSET=utf8mb4 COLLATE=utf8mb4_general_ci;

--
-- Dumping data for table `faktur`
--

INSERT INTO `faktur` (`receipt_id`, `user_id`, `date_id`) VALUES
('1', '1', '1'),
('10', '10', '10'),
('100', '1', '50'),
('101', '1', '51'),
('102', '1', '51'),
('103', '1', '52'),
('104', '1', '52'),
('105', '1', '53'),
('106', '1', '53'),
('107', '1', '54'),
('108', '1', '54'),
('109', '1', '55'),
('11', '11', '11'),
('110', '1', '55'),
('111', '1', '56'),
('112', '1', '56'),
('113', '1', '57'),
('114', '1', '57'),
('115', '1', '58'),
('116', '1', '58'),
('117', '1', '59'),
('118', '1', '59'),
('119', '1', '60'),
('12', '12', '12'),
('120', '1', '60'),
('121', '1', '61'),
('122', '1', '61'),
('123', '1', '62'),
('124', '1', '62'),
('125', '1', '63'),
('126', '1', '63'),
('127', '1', '64'),
('128', '1', '64'),
('129', '1', '65'),
('13', '13', '13'),
('130', '1', '65'),
('131', '1', '66'),
('132', '1', '66'),
('133', '1', '67'),
('134', '1', '67'),
('135', '1', '68'),
('136', '1', '68'),
('137', '1', '69'),
('138', '1', '69'),
('139', '1', '70'),
('14', '14', '14'),
('140', '1', '70'),
('141', '1', '71'),
('142', '1', '71'),
('143', '1', '72'),
('144', '1', '72'),
('145', '1', '73'),
('146', '1', '73'),
('147', '1', '74'),
('148', '1', '74'),
('149', '1', '75'),
('15', '15', '15'),
('150', '1', '75'),
('151', '1', '76'),
('152', '1', '76'),
('153', '1', '77'),
('154', '1', '77'),
('155', '1', '78'),
('156', '1', '78'),
('157', '1', '79'),
('158', '1', '79'),
('159', '1', '80'),
('160', '1', '80'),
('161', '1', '81'),
('162', '1', '81'),
('163', '1', '82'),
('164', '1', '82'),
('165', '1', '83'),
('166', '1', '83'),
('167', '1', '84'),
('168', '1', '84'),
('169', '1', '85'),
('170', '1', '85'),
('171', '1', '86'),
('172', '1', '86'),
('173', '1', '87'),
('174', '1', '87'),
('175', '1', '88'),
('176', '1', '88'),
('177', '1', '89'),
('178', '1', '89'),
('179', '1', '90'),
('180', '1', '90'),
('181', '1', '91'),
('182', '1', '91'),
('183', '1', '92'),
('184', '1', '92'),
('185', '1', '93'),
('186', '1', '93'),
('187', '1', '94'),
('188', '1', '94'),
('189', '1', '95'),
('190', '1', '95'),
('191', '1', '96'),
('192', '1', '96'),
('193', '1', '97'),
('194', '1', '97'),
('195', '1', '98'),
('196', '1', '98'),
('197', '1', '99'),
('198', '1', '99'),
('199', '1', '100'),
('2', '2', '2'),
('200', '1', '100'),
('201', '1', '101'),
('202', '1', '101'),
('203', '1', '102'),
('204', '1', '102'),
('205', '1', '103'),
('206', '1', '103'),
('207', '1', '104'),
('208', '1', '104'),
('209', '1', '105'),
('210', '1', '105'),
('211', '1', '181'),
('212', '1', '181'),
('213', '1', '182'),
('214', '1', '182'),
('215', '1', '183'),
('216', '1', '183'),
('217', '1', '184'),
('218', '1', '184'),
('219', '1', '185'),
('220', '1', '185'),
('221', '1', '186'),
('222', '1', '186'),
('223', '1', '187'),
('224', '1', '187'),
('225', '1', '188'),
('226', '1', '188'),
('227', '1', '189'),
('228', '1', '189'),
('229', '1', '190'),
('230', '1', '190'),
('231', '1', '191'),
('232', '1', '191'),
('233', '1', '192'),
('234', '1', '192'),
('235', '1', '193'),
('236', '1', '193'),
('237', '1', '194'),
('238', '1', '194'),
('239', '1', '195'),
('240', '1', '195'),
('241', '1', '196'),
('242', '1', '196'),
('243', '1', '197'),
('244', '1', '197'),
('245', '1', '198'),
('246', '1', '198'),
('247', '1', '199'),
('248', '1', '199'),
('249', '1', '200'),
('250', '1', '200'),
('251', '1', '201'),
('252', '1', '201'),
('253', '1', '202'),
('254', '1', '202'),
('255', '1', '203'),
('256', '1', '203'),
('257', '1', '204'),
('258', '1', '204'),
('259', '1', '205'),
('260', '1', '205'),
('261', '1', '206'),
('262', '1', '206'),
('263', '1', '207'),
('264', '1', '207'),
('265', '1', '208'),
('266', '1', '208'),
('267', '1', '209'),
('268', '1', '209'),
('269', '1', '210'),
('270', '1', '210'),
('271', '1', '211'),
('272', '1', '211'),
('273', '1', '212'),
('274', '1', '212'),
('275', '1', '213'),
('276', '1', '213'),
('277', '1', '214'),
('278', '1', '214'),
('279', '1', '215'),
('280', '1', '215'),
('281', '1', '216'),
('282', '1', '216'),
('283', '1', '217'),
('284', '1', '217'),
('285', '1', '218'),
('286', '1', '218'),
('287', '1', '219'),
('288', '1', '219'),
('289', '1', '220'),
('290', '1', '220'),
('291', '1', '221'),
('292', '1', '221'),
('293', '1', '222'),
('294', '1', '222'),
('295', '1', '223'),
('296', '1', '223'),
('297', '1', '224'),
('298', '1', '224'),
('299', '1', '225'),
('3', '3', '3'),
('300', '1', '225'),
('301', '1', '226'),
('302', '1', '226'),
('303', '1', '227'),
('304', '1', '227'),
('305', '1', '228'),
('306', '1', '228'),
('307', '1', '229'),
('308', '1', '229'),
('309', '1', '230'),
('31', '1', '16'),
('310', '1', '230'),
('311', '1', '231'),
('312', '1', '231'),
('313', '1', '232'),
('314', '1', '232'),
('315', '1', '233'),
('316', '1', '233'),
('317', '1', '234'),
('318', '1', '234'),
('319', '1', '235'),
('32', '1', '16'),
('320', '1', '235'),
('321', '1', '236'),
('322', '1', '236'),
('323', '1', '237'),
('324', '1', '237'),
('325', '1', '238'),
('326', '1', '238'),
('327', '1', '239'),
('328', '1', '239'),
('329', '1', '240'),
('33', '1', '16'),
('330', '1', '240'),
('34', '1', '17'),
('35', '1', '17'),
('36', '1', '17'),
('37', '1', '18'),
('38', '1', '18'),
('39', '1', '18'),
('4', '4', '4'),
('40', '1', '19'),
('41', '1', '19'),
('42', '1', '19'),
('43', '1', '20'),
('44', '1', '20'),
('45', '1', '20'),
('46', '1', '21'),
('47', '1', '21'),
('48', '1', '21'),
('49', '1', '22'),
('5', '5', '5'),
('50', '1', '22'),
('51', '1', '22'),
('52', '1', '23'),
('53', '1', '23'),
('54', '1', '23'),
('55', '1', '24'),
('56', '1', '24'),
('57', '1', '24'),
('58', '1', '25'),
('59', '1', '25'),
('6', '6', '6'),
('60', '1', '25'),
('61', '1', '31'),
('62', '1', '31'),
('63', '1', '32'),
('64', '1', '32'),
('65', '1', '33'),
('66', '1', '33'),
('67', '1', '34'),
('68', '1', '34'),
('69', '1', '35'),
('7', '7', '7'),
('70', '1', '35'),
('71', '1', '36'),
('72', '1', '36'),
('73', '1', '37'),
('74', '1', '37'),
('75', '1', '38'),
('76', '1', '38'),
('77', '1', '39'),
('78', '1', '39'),
('79', '1', '40'),
('8', '8', '8'),
('80', '1', '40'),
('81', '1', '41'),
('82', '1', '41'),
('83', '1', '42'),
('84', '1', '42'),
('85', '1', '43'),
('86', '1', '43'),
('87', '1', '44'),
('88', '1', '44'),
('89', '1', '45'),
('9', '9', '9'),
('90', '1', '45'),
('91', '1', '46'),
('92', '1', '46'),
('93', '1', '47'),
('94', '1', '47'),
('95', '1', '48'),
('96', '1', '48'),
('97', '1', '49'),
('98', '1', '49'),
('99', '1', '50');

-- --------------------------------------------------------

--
-- Table structure for table `faktur_detail`
--

CREATE TABLE `faktur_detail` (
  `detail_id` varchar(50) NOT NULL,
  `receipt_id` varchar(50) DEFAULT NULL,
  `category_id` varchar(50) DEFAULT NULL,
  `product_name` varchar(255) DEFAULT NULL,
  `product_price` decimal(10,2) DEFAULT NULL
) ENGINE=InnoDB DEFAULT CHARSET=utf8mb4 COLLATE=utf8mb4_general_ci;

--
-- Dumping data for table `faktur_detail`
--

INSERT INTO `faktur_detail` (`detail_id`, `receipt_id`, `category_id`, `product_name`, `product_price`) VALUES
('1', '1', '1', 'Smartphone', 5000000.00),
('10', '5', '5', 'Doll', 120000.00),
('100', '50', '6', 'Ice Cream', 30000.00),
('101', '51', '1', 'Digital Camera', 6000000.00),
('102', '51', '6', 'Sushi', 80000.00),
('103', '52', '2', 'Skirt', 350000.00),
('104', '52', '6', 'Smoothie', 40000.00),
('105', '53', '3', 'Adventure Novel', 80000.00),
('106', '53', '6', 'Fried Chicken', 45000.00),
('107', '54', '4', 'Bookshelf', 800000.00),
('108', '54', '6', 'Pasta', 60000.00),
('109', '55', '5', 'Jigsaw Puzzle', 80000.00),
('11', '6', '1', 'Laptop', 8000000.00),
('110', '55', '6', 'Fruit Salad', 40000.00),
('111', '56', '1', 'Smartphone Case', 200000.00),
('112', '56', '6', 'Soup', 35000.00),
('113', '57', '2', 'Sweater', 400000.00),
('114', '57', '6', 'Taco', 45000.00),
('115', '58', '3', 'Coloring Book', 60000.00),
('116', '58', '6', 'French Fries', 25000.00),
('117', '59', '4', 'Coffee Table', 1000000.00),
('118', '59', '6', 'Baklava', 50000.00),
('119', '60', '5', 'Board Game', 250000.00),
('12', '6', '2', 'Dress', 400000.00),
('120', '60', '6', 'Cereal', 30000.00),
('121', '31', '1', 'Smart TV', 8000000.00),
('122', '31', '6', 'Burger', 50000.00),
('123', '32', '2', 'Dress Shirt', 300000.00),
('124', '32', '6', 'Salad', 30000.00),
('125', '33', '3', 'Cooking Guide', 120000.00),
('126', '33', '6', 'Sandwich', 25000.00),
('127', '34', '4', 'Desk Lamp', 150000.00),
('128', '34', '6', 'Pizza', 75000.00),
('129', '35', '5', 'Chess Set', 100000.00),
('13', '7', '3', 'Comic Book', 80000.00),
('130', '35', '6', 'Ice Cream', 30000.00),
('131', '36', '1', 'Digital Camera', 6000000.00),
('132', '36', '6', 'Sushi', 80000.00),
('133', '37', '2', 'Skirt', 350000.00),
('134', '37', '6', 'Smoothie', 40000.00),
('135', '38', '3', 'Adventure Novel', 80000.00),
('136', '38', '6', 'Fried Chicken', 45000.00),
('137', '39', '4', 'Bookshelf', 800000.00),
('138', '39', '6', 'Pasta', 60000.00),
('139', '40', '5', 'Jigsaw Puzzle', 80000.00),
('14', '7', '4', 'Sofa', 2000000.00),
('140', '40', '6', 'Fruit Salad', 40000.00),
('141', '41', '1', 'Smartphone Case', 200000.00),
('142', '41', '6', 'Soup', 35000.00),
('143', '42', '2', 'Sweater', 400000.00),
('144', '42', '6', 'Taco', 45000.00),
('145', '43', '3', 'Coloring Book', 60000.00),
('146', '43', '6', 'French Fries', 25000.00),
('147', '44', '4', 'Coffee Table', 1000000.00),
('148', '44', '6', 'Baklava', 50000.00),
('149', '45', '5', 'Board Game', 250000.00),
('15', '8', '5', 'LEGO', 200000.00),
('150', '45', '6', 'Cereal', 30000.00),
('151', '46', '1', 'Smart TV', 8000000.00),
('152', '46', '6', 'Burger', 50000.00),
('153', '47', '2', 'Dress Shirt', 300000.00),
('154', '47', '6', 'Salad', 30000.00),
('155', '48', '3', 'Cooking Guide', 120000.00),
('156', '48', '6', 'Sandwich', 25000.00),
('157', '49', '4', 'Desk Lamp', 150000.00),
('158', '49', '6', 'Pizza', 75000.00),
('159', '50', '5', 'Chess Set', 100000.00),
('16', '8', '1', 'Tablet', 3000000.00),
('160', '50', '6', 'Ice Cream', 30000.00),
('161', '51', '1', 'Digital Camera', 6000000.00),
('162', '51', '6', 'Sushi', 80000.00),
('163', '52', '2', 'Skirt', 350000.00),
('164', '52', '6', 'Smoothie', 40000.00),
('165', '53', '3', 'Adventure Novel', 80000.00),
('166', '53', '6', 'Fried Chicken', 45000.00),
('167', '54', '4', 'Bookshelf', 800000.00),
('168', '54', '6', 'Pasta', 60000.00),
('169', '55', '5', 'Jigsaw Puzzle', 80000.00),
('17', '9', '2', 'Hoodie', 250000.00),
('170', '55', '6', 'Fruit Salad', 40000.00),
('171', '56', '1', 'Smartphone Case', 200000.00),
('172', '56', '6', 'Soup', 35000.00),
('173', '57', '2', 'Sweater', 400000.00),
('174', '57', '6', 'Taco', 45000.00),
('175', '58', '3', 'Coloring Book', 60000.00),
('176', '58', '6', 'French Fries', 25000.00),
('177', '59', '4', 'Coffee Table', 1000000.00),
('178', '59', '6', 'Baklava', 50000.00),
('179', '60', '5', 'Board Game', 250000.00),
('18', '9', '3', 'Magazine', 50000.00),
('180', '60', '6', 'Cereal', 30000.00),
('181', '61', '1', 'Smart TV', 8000000.00),
('182', '61', '6', 'Burger', 50000.00),
('183', '62', '2', 'Dress Shirt', 300000.00),
('184', '62', '6', 'Salad', 30000.00),
('185', '63', '3', 'Cooking Guide', 120000.00),
('186', '63', '6', 'Sandwich', 25000.00),
('187', '64', '4', 'Desk Lamp', 150000.00),
('188', '64', '6', 'Pizza', 75000.00),
('189', '65', '5', 'Chess Set', 100000.00),
('19', '10', '4', 'Desk', 1200000.00),
('190', '65', '6', 'Ice Cream', 30000.00),
('191', '66', '1', 'Digital Camera', 6000000.00),
('192', '66', '6', 'Sushi', 80000.00),
('193', '67', '2', 'Skirt', 350000.00),
('194', '67', '6', 'Smoothie', 40000.00),
('195', '68', '3', 'Adventure Novel', 80000.00),
('196', '68', '6', 'Fried Chicken', 45000.00),
('197', '69', '4', 'Bookshelf', 800000.00),
('198', '69', '6', 'Pasta', 60000.00),
('199', '70', '5', 'Jigsaw Puzzle', 80000.00),
('2', '1', '2', 'T-Shirt', 200000.00),
('20', '10', '5', 'Remote Control Car', 300000.00),
('200', '70', '6', 'Fruit Salad', 40000.00),
('201', '71', '1', 'Smartphone Case', 200000.00),
('202', '71', '6', 'Soup', 35000.00),
('203', '72', '2', 'Sweater', 400000.00),
('204', '72', '6', 'Taco', 45000.00),
('205', '73', '3', 'Coloring Book', 60000.00),
('206', '73', '6', 'French Fries', 25000.00),
('207', '74', '4', 'Coffee Table', 1000000.00),
('208', '74', '6', 'Baklava', 50000.00),
('209', '75', '5', 'Board Game', 250000.00),
('21', '11', '1', 'Smartwatch', 1500000.00),
('210', '75', '6', 'Cereal', 30000.00),
('211', '76', '1', 'Smart TV', 8000000.00),
('212', '76', '6', 'Burger', 50000.00),
('213', '77', '2', 'Dress Shirt', 300000.00),
('214', '77', '6', 'Salad', 30000.00),
('215', '78', '3', 'Cooking Guide', 120000.00),
('216', '78', '6', 'Sandwich', 25000.00),
('217', '79', '4', 'Desk Lamp', 150000.00),
('218', '79', '6', 'Pizza', 75000.00),
('219', '80', '5', 'Chess Set', 100000.00),
('22', '11', '2', 'Skirt', 350000.00),
('220', '80', '6', 'Ice Cream', 30000.00),
('221', '81', '1', 'Digital Camera', 6000000.00),
('222', '81', '6', 'Sushi', 80000.00),
('223', '82', '2', 'Skirt', 350000.00),
('224', '82', '6', 'Smoothie', 40000.00),
('225', '83', '3', 'Adventure Novel', 80000.00),
('226', '83', '6', 'Fried Chicken', 45000.00),
('227', '84', '4', 'Bookshelf', 800000.00),
('228', '84', '6', 'Pasta', 60000.00),
('229', '85', '5', 'Jigsaw Puzzle', 80000.00),
('23', '12', '3', 'Self-help Book', 120000.00),
('230', '85', '6', 'Fruit Salad', 40000.00),
('231', '86', '1', 'Smartphone Case', 200000.00),
('232', '86', '6', 'Soup', 35000.00),
('233', '87', '2', 'Sweater', 400000.00),
('234', '87', '6', 'Taco', 45000.00),
('235', '88', '3', 'Coloring Book', 60000.00),
('236', '88', '6', 'French Fries', 25000.00),
('237', '89', '4', 'Coffee Table', 1000000.00),
('238', '89', '6', 'Baklava', 50000.00),
('239', '90', '5', 'Board Game', 250000.00),
('24', '12', '4', 'Bookshelf', 800000.00),
('240', '90', '6', 'Cereal', 30000.00),
('241', '91', '7', 'Multivitamin', 50000.00),
('242', '91', '8', 'Toll Payment', 30000.00),
('243', '92', '4', 'Desk Lamp', 150000.00),
('244', '92', '7', 'Protein Shake', 75000.00),
('245', '93', '5', 'Chess Set', 100000.00),
('246', '93', '8', 'Parking Fee', 20000.00),
('247', '94', '1', 'Digital Camera', 6000000.00),
('248', '94', '7', 'Fitness Tracker', 200000.00),
('249', '95', '2', 'Skirt', 350000.00),
('25', '13', '5', 'Puzzle', 150000.00),
('250', '95', '8', 'Fuel', 50000.00),
('251', '96', '3', 'Adventure Novel', 80000.00),
('252', '96', '7', 'Yoga Mat', 300000.00),
('253', '97', '4', 'Bookshelf', 800000.00),
('254', '97', '8', 'Traffic Ticket', 100000.00),
('255', '98', '5', 'Jigsaw Puzzle', 80000.00),
('256', '98', '7', 'Vitamin C', 60000.00),
('257', '99', '1', 'Smartphone Case', 200000.00),
('258', '99', '8', 'Public Transport Fare', 40000.00),
('259', '100', '2', 'Sweater', 400000.00),
('26', '13', '1', 'Camera', 2000000.00),
('260', '100', '7', 'Gym Membership', 500000.00),
('261', '101', '3', 'Coloring Book', 60000.00),
('262', '101', '8', 'Car Insurance', 200000.00),
('263', '102', '4', 'Coffee Table', 1000000.00),
('264', '102', '8', 'Parking Fine', 60000.00),
('265', '103', '5', 'Board Game', 250000.00),
('266', '103', '8', 'Toll Booth Fee', 20000.00),
('267', '104', '1', 'Smart TV', 8000000.00),
('268', '104', '8', 'Petrol', 150000.00),
('269', '105', '2', 'Dress Shirt', 300000.00),
('27', '14', '2', 'Jacket', 450000.00),
('270', '105', '8', 'Bus Fare', 15000.00),
('271', '106', '3', 'Cooking Guide', 120000.00),
('272', '106', '8', 'Taxi Fare', 80000.00),
('273', '107', '4', 'Desk Lamp', 150000.00),
('274', '107', '8', 'Toll Road Charge', 30000.00),
('275', '108', '5', 'Chess Set', 100000.00),
('276', '108', '8', 'Metro Ticket', 20000.00),
('277', '109', '1', 'Digital Camera', 6000000.00),
('278', '109', '8', 'Train Fare', 50000.00),
('279', '110', '2', 'Skirt', 350000.00),
('28', '14', '3', 'Poetry Book', 180000.00),
('280', '110', '8', 'Bridge Toll', 60000.00),
('281', '111', '3', 'Adventure Novel', 80000.00),
('282', '111', '8', 'Traffic Fines', 100000.00),
('283', '112', '4', 'Bookshelf', 800000.00),
('284', '112', '8', 'Parking Fee', 50000.00),
('285', '113', '5', 'Jigsaw Puzzle', 80000.00),
('286', '113', '8', 'Gasoline', 60000.00),
('287', '114', '1', 'Smartphone Case', 200000.00),
('288', '114', '8', 'Expressway Toll', 100000.00),
('289', '115', '2', 'Sweater', 400000.00),
('29', '15', '4', 'Couch', 2500000.00),
('290', '115', '8', 'Road Tax', 80000.00),
('291', '116', '3', 'Coloring Book', 60000.00),
('292', '116', '8', 'Parking Ticket', 20000.00),
('293', '117', '4', 'Coffee Table', 1000000.00),
('294', '117', '8', 'Bus Fare', 15000.00),
('295', '118', '5', 'Board Game', 250000.00),
('296', '118', '8', 'Taxi Fare', 80000.00),
('297', '119', '1', 'Smart TV', 8000000.00),
('298', '119', '8', 'Metro Ticket', 20000.00),
('299', '120', '2', 'Dress Shirt', 300000.00),
('3', '2', '3', 'Novel', 150000.00),
('30', '15', '5', 'Board Game', 250000.00),
('300', '120', '8', 'Bridge Toll', 60000.00),
('301', '121', '9', 'Miscellaneous Item', 75000.00),
('302', '121', '8', 'Parking Fee', 20000.00),
('303', '122', '5', 'Rubik\'s Cube', 80000.00),
('304', '122', '8', 'Toll Road Charge', 30000.00),
('305', '123', '3', 'Science Fiction Book', 100000.00),
('306', '123', '8', 'Public Transport Fare', 50000.00),
('307', '124', '4', 'Office Chair', 1200000.00),
('308', '124', '8', 'Bridge Toll', 60000.00),
('309', '125', '5', 'Card Game', 70000.00),
('310', '125', '8', 'Gasoline', 80000.00),
('311', '126', '1', 'Smartphone Screen Protector', 100000.00),
('312', '126', '8', 'Parking Ticket', 100000.00),
('313', '127', '2', 'Jeans', 250000.00),
('314', '127', '8', 'Road Tax', 70000.00),
('315', '128', '3', 'Fantasy Book', 90000.00),
('316', '128', '8', 'Traffic Fine', 100000.00),
('317', '129', '4', 'Bookcase', 900000.00),
('318', '129', '8', 'Bus Fare', 15000.00),
('319', '130', '5', 'Card Game', 70000.00),
('320', '130', '8', 'Train Fare', 50000.00),
('321', '131', '1', 'Smartphone Charger', 80000.00),
('322', '131', '8', 'Bridge Toll', 60000.00),
('323', '132', '2', 'Dress', 300000.00),
('324', '132', '8', 'Parking Fee', 20000.00),
('325', '133', '3', 'Mystery Book', 85000.00),
('326', '133', '8', 'Public Transport Fare', 50000.00),
('327', '134', '4', 'Coffee Table', 1000000.00),
('328', '134', '8', 'Parking Ticket', 100000.00),
('329', '135', '5', 'Puzzle', 60000.00),
('330', '135', '8', 'Traffic Fines', 120000.00),
('331', '136', '1', 'Phone Case', 100000.00),
('332', '136', '8', 'Expressway Toll', 80000.00),
('333', '137', '2', 'Skirt', 350000.00),
('334', '137', '8', 'Metro Ticket', 20000.00),
('335', '138', '3', 'Romance Novel', 75000.00),
('336', '138', '8', 'Taxi Fare', 80000.00),
('337', '139', '4', 'Desk', 800000.00),
('338', '139', '8', 'Toll Booth Fee', 30000.00),
('339', '140', '5', 'Board Game', 250000.00),
('340', '140', '8', 'Fuel', 50000.00),
('341', '141', '1', 'Smartwatch Charger', 120000.00),
('342', '141', '8', 'Public Transport Fare', 50000.00),
('343', '142', '2', 'T-Shirt', 200000.00),
('344', '142', '8', 'Parking Fee', 20000.00),
('345', '143', '3', 'Thriller Book', 95000.00),
('346', '143', '8', 'Traffic Ticket', 100000.00),
('347', '144', '4', 'Shelving Unit', 1500000.00),
('348', '144', '8', 'Road Tax', 80000.00),
('349', '145', '5', 'Chess Set', 90000.00),
('350', '145', '8', 'Bus Fare', 15000.00),
('351', '151', '1', 'Earbuds', 120000.00),
('352', '151', '8', 'Parking Fee', 20000.00),
('353', '152', '5', 'Puzzle', 60000.00),
('354', '152', '8', 'Toll Booth Fee', 30000.00),
('355', '153', '3', 'Science Fiction Book', 100000.00),
('356', '153', '8', 'Expressway Toll', 80000.00),
('357', '154', '4', 'Coffee Table', 1000000.00),
('358', '154', '8', 'Parking Ticket', 100000.00),
('359', '155', '5', 'Chess Set', 90000.00),
('360', '155', '8', 'Traffic Fines', 120000.00),
('361', '156', '1', 'Phone Case', 100000.00),
('362', '156', '8', 'Public Transport Fare', 50000.00),
('363', '157', '2', 'Skirt', 350000.00),
('364', '157', '8', 'Metro Ticket', 20000.00),
('365', '158', '3', 'Romance Novel', 75000.00),
('366', '158', '8', 'Taxi Fare', 80000.00),
('367', '159', '4', 'Desk', 800000.00),
('368', '159', '8', 'Toll Road Charge', 60000.00),
('369', '160', '5', 'Board Game', 250000.00),
('370', '160', '8', 'Fuel', 50000.00),
('371', '161', '1', 'Smartwatch Charger', 120000.00),
('372', '161', '8', 'Public Transport Fare', 50000.00),
('373', '162', '2', 'T-Shirt', 200000.00),
('374', '162', '8', 'Parking Fee', 20000.00),
('375', '163', '3', 'Thriller Book', 95000.00),
('376', '163', '8', 'Traffic Ticket', 100000.00),
('377', '164', '4', 'Shelving Unit', 1500000.00),
('378', '164', '8', 'Road Tax', 80000.00),
('379', '165', '5', 'Rubik\'s Cube', 80000.00),
('380', '165', '8', 'Bus Fare', 15000.00),
('381', '166', '1', 'Smartphone Screen Protector', 100000.00),
('382', '166', '8', 'Bridge Toll', 60000.00),
('383', '167', '2', 'Jeans', 250000.00),
('384', '167', '8', 'Road Tax', 70000.00),
('385', '168', '3', 'Fantasy Book', 90000.00),
('386', '168', '8', 'Traffic Fine', 100000.00),
('387', '169', '4', 'Bookcase', 900000.00),
('388', '169', '8', 'Bus Fare', 15000.00),
('389', '170', '5', 'Card Game', 70000.00),
('390', '170', '8', 'Train Fare', 50000.00),
('391', '171', '1', 'Smartphone Charger', 80000.00),
('392', '171', '8', 'Bridge Toll', 60000.00),
('393', '172', '2', 'Dress', 300000.00),
('394', '172', '8', 'Parking Fee', 20000.00),
('395', '173', '3', 'Mystery Book', 85000.00),
('396', '173', '8', 'Public Transport Fare', 50000.00),
('397', '174', '4', 'Coffee Table', 1000000.00),
('398', '174', '8', 'Parking Ticket', 100000.00),
('399', '175', '5', 'Puzzle', 60000.00),
('4', '2', '4', 'Chair', 1000000.00),
('400', '175', '8', 'Traffic Fines', 120000.00),
('401', '176', '1', 'Phone Case', 100000.00),
('402', '176', '8', 'Expressway Toll', 80000.00),
('403', '177', '2', 'Skirt', 350000.00),
('404', '177', '8', 'Metro Ticket', 20000.00),
('405', '178', '3', 'Romance Novel', 75000.00),
('406', '178', '8', 'Taxi Fare', 80000.00),
('407', '179', '4', 'Desk', 800000.00),
('408', '179', '8', 'Toll Road Charge', 60000.00),
('409', '180', '5', 'Board Game', 250000.00),
('410', '180', '8', 'Fuel', 50000.00),
('411', '181', '1', 'Bluetooth Speaker', 150000.00),
('412', '181', '8', 'Public Transport Fare', 50000.00),
('413', '182', '5', 'Action Figure', 70000.00),
('414', '182', '8', 'Parking Fee', 20000.00),
('415', '183', '3', 'Drama Book', 80000.00),
('416', '183', '8', 'Traffic Fines', 120000.00),
('417', '184', '4', 'Sofa', 2000000.00),
('418', '184', '8', 'Expressway Toll', 80000.00),
('419', '185', '5', 'LEGO', 200000.00),
('420', '185', '8', 'Parking Ticket', 100000.00),
('421', '186', '1', 'Smartwatch', 1500000.00),
('422', '186', '8', 'Public Transport Fare', 50000.00),
('423', '187', '2', 'Skirt', 350000.00),
('424', '187', '8', 'Metro Ticket', 20000.00),
('425', '188', '3', 'Self-help Book', 120000.00),
('426', '188', '8', 'Traffic Fine', 100000.00),
('427', '189', '4', 'Bookshelf', 800000.00),
('428', '189', '8', 'Parking Fee', 20000.00),
('429', '190', '5', 'Puzzle', 150000.00),
('430', '190', '8', 'Toll Booth Fee', 30000.00),
('431', '191', '1', 'Smartphone Case', 80000.00),
('432', '191', '8', 'Public Transport Fare', 50000.00),
('433', '192', '2', 'Dress', 300000.00),
('434', '192', '8', 'Toll Road Charge', 60000.00),
('435', '193', '3', 'Mystery Book', 85000.00),
('436', '193', '8', 'Traffic Ticket', 100000.00),
('437', '194', '4', 'Coffee Table', 1000000.00),
('438', '194', '8', 'Parking Ticket', 100000.00),
('439', '195', '5', 'Board Game', 250000.00),
('440', '195', '8', 'Fuel', 50000.00),
('441', '196', '1', 'Phone Case', 100000.00),
('442', '196', '8', 'Expressway Toll', 80000.00),
('443', '197', '2', 'Skirt', 350000.00),
('444', '197', '8', 'Metro Ticket', 20000.00),
('445', '198', '3', 'Romance Novel', 75000.00),
('446', '198', '8', 'Taxi Fare', 80000.00),
('447', '199', '4', 'Desk', 800000.00),
('448', '199', '8', 'Toll Road Charge', 60000.00),
('449', '200', '5', 'Board Game', 250000.00),
('450', '200', '8', 'Fuel', 50000.00),
('451', '201', '1', 'Headphones', 500000.00),
('452', '201', '8', 'Expressway Toll', 80000.00),
('453', '202', '2', 'Jeans', 250000.00),
('454', '202', '8', 'Road Tax', 70000.00),
('455', '203', '3', 'Fantasy Book', 90000.00),
('456', '203', '8', 'Traffic Fine', 100000.00),
('457', '204', '4', 'Bookcase', 900000.00),
('458', '204', '8', 'Bus Fare', 15000.00),
('459', '205', '5', 'Card Game', 70000.00),
('460', '205', '8', 'Train Fare', 50000.00),
('461', '206', '1', 'Smartphone Charger', 80000.00),
('462', '206', '8', 'Bridge Toll', 60000.00),
('463', '207', '2', 'Jeans', 250000.00),
('464', '207', '8', 'Road Tax', 70000.00),
('465', '208', '3', 'Fantasy Book', 90000.00),
('466', '208', '8', 'Traffic Fine', 100000.00),
('467', '209', '4', 'Bookcase', 900000.00),
('468', '209', '8', 'Bus Fare', 15000.00),
('469', '210', '5', 'Card Game', 70000.00),
('470', '210', '8', 'Train Fare', 50000.00),
('471', '211', '1', 'Smartphone Charger', 80000.00),
('472', '211', '8', 'Expressway Toll', 60000.00),
('473', '212', '2', 'Dress', 300000.00),
('474', '212', '8', 'Toll Road Charge', 60000.00),
('475', '213', '3', 'Romance Novel', 75000.00),
('476', '213', '8', 'Taxi Fare', 80000.00),
('477', '214', '4', 'Desk', 800000.00),
('478', '214', '8', 'Toll Road Charge', 60000.00),
('479', '215', '5', 'Board Game', 250000.00),
('480', '215', '8', 'Fuel', 50000.00),
('481', '216', '1', 'Smartphone Case', 80000.00),
('482', '216', '8', 'Expressway Toll', 60000.00),
('483', '217', '2', 'Jeans', 250000.00),
('484', '217', '8', 'Road Tax', 70000.00),
('485', '218', '3', 'Fantasy Book', 90000.00),
('486', '218', '8', 'Traffic Fine', 100000.00),
('487', '219', '4', 'Bookcase', 900000.00),
('488', '219', '8', 'Bus Fare', 15000.00),
('489', '220', '5', 'Card Game', 70000.00),
('490', '220', '8', 'Train Fare', 50000.00),
('491', '221', '1', 'Headphones', 500000.00),
('492', '221', '8', 'Expressway Toll', 60000.00),
('493', '222', '2', 'Jeans', 250000.00),
('494', '222', '8', 'Road Tax', 70000.00),
('495', '223', '3', 'Fantasy Book', 90000.00),
('496', '223', '8', 'Traffic Fine', 100000.00),
('497', '224', '4', 'Bookcase', 900000.00),
('498', '224', '8', 'Bus Fare', 15000.00),
('499', '225', '5', 'Card Game', 70000.00),
('5', '3', '5', 'Action Figure', 100000.00),
('500', '225', '8', 'Train Fare', 50000.00),
('501', '226', '1', 'Smartphone Charger', 80000.00),
('502', '226', '8', 'Expressway Toll', 60000.00),
('503', '227', '2', 'Dress', 300000.00),
('504', '227', '8', 'Toll Road Charge', 60000.00),
('505', '228', '3', 'Romance Novel', 75000.00),
('506', '228', '8', 'Taxi Fare', 80000.00),
('507', '229', '4', 'Desk', 800000.00),
('508', '229', '8', 'Toll Road Charge', 60000.00),
('509', '230', '5', 'Board Game', 250000.00),
('510', '230', '8', 'Fuel', 50000.00),
('511', '231', '1', 'Smartphone Case', 80000.00),
('512', '231', '8', 'Expressway Toll', 60000.00),
('513', '232', '2', 'Jeans', 250000.00),
('514', '232', '8', 'Road Tax', 70000.00),
('515', '233', '3', 'Fantasy Book', 90000.00),
('516', '233', '8', 'Traffic Fine', 100000.00),
('517', '234', '4', 'Bookcase', 900000.00),
('518', '234', '8', 'Bus Fare', 15000.00),
('519', '235', '5', 'Card Game', 70000.00),
('520', '235', '8', 'Train Fare', 50000.00),
('521', '236', '1', 'Headphones', 500000.00),
('522', '236', '8', 'Expressway Toll', 60000.00),
('523', '237', '2', 'Jeans', 250000.00),
('524', '237', '8', 'Road Tax', 70000.00),
('525', '238', '3', 'Fantasy Book', 90000.00),
('526', '238', '8', 'Traffic Fine', 100000.00),
('527', '239', '4', 'Bookcase', 900000.00),
('528', '239', '8', 'Bus Fare', 15000.00),
('529', '240', '5', 'Card Game', 70000.00),
('530', '240', '8', 'Train Fare', 50000.00),
('531', '241', '1', 'Smartphone Charger', 80000.00),
('532', '241', '8', 'Expressway Toll', 60000.00),
('533', '242', '2', 'Dress', 300000.00),
('534', '242', '8', 'Toll Road Charge', 60000.00),
('535', '243', '3', 'Romance Novel', 75000.00),
('536', '243', '8', 'Taxi Fare', 80000.00),
('537', '244', '4', 'Desk', 800000.00),
('538', '244', '8', 'Toll Road Charge', 60000.00),
('539', '245', '5', 'Board Game', 250000.00),
('540', '245', '8', 'Fuel', 50000.00),
('541', '246', '1', 'Smartphone Case', 80000.00),
('542', '246', '8', 'Expressway Toll', 60000.00),
('543', '247', '2', 'Jeans', 250000.00),
('544', '247', '8', 'Road Tax', 70000.00),
('545', '248', '3', 'Fantasy Book', 90000.00),
('546', '248', '8', 'Traffic Fine', 100000.00),
('547', '249', '4', 'Bookcase', 900000.00),
('548', '249', '8', 'Bus Fare', 15000.00),
('549', '250', '5', 'Card Game', 70000.00),
('550', '250', '8', 'Train Fare', 50000.00),
('551', '251', '1', 'Headphones', 500000.00),
('552', '251', '8', 'Expressway Toll', 60000.00),
('553', '252', '2', 'Jeans', 250000.00),
('554', '252', '8', 'Road Tax', 70000.00),
('555', '253', '3', 'Fantasy Book', 90000.00),
('556', '253', '8', 'Traffic Fine', 100000.00),
('557', '254', '4', 'Bookcase', 900000.00),
('558', '254', '8', 'Bus Fare', 15000.00),
('559', '255', '5', 'Card Game', 70000.00),
('560', '255', '8', 'Train Fare', 50000.00),
('561', '256', '1', 'Smartphone Charger', 80000.00),
('562', '256', '8', 'Expressway Toll', 60000.00),
('563', '257', '2', 'Dress', 300000.00),
('564', '257', '8', 'Toll Road Charge', 60000.00),
('565', '258', '3', 'Romance Novel', 75000.00),
('566', '258', '8', 'Taxi Fare', 80000.00),
('567', '259', '4', 'Desk', 800000.00),
('568', '259', '8', 'Toll Road Charge', 60000.00),
('569', '260', '5', 'Board Game', 250000.00),
('570', '260', '8', 'Fuel', 50000.00),
('571', '261', '1', 'Smartphone Case', 80000.00),
('572', '261', '8', 'Expressway Toll', 60000.00),
('573', '262', '2', 'Jeans', 250000.00),
('574', '262', '8', 'Road Tax', 70000.00),
('575', '263', '3', 'Fantasy Book', 90000.00),
('576', '263', '8', 'Traffic Fine', 100000.00),
('577', '264', '4', 'Bookcase', 900000.00),
('578', '264', '8', 'Bus Fare', 15000.00),
('579', '265', '5', 'Card Game', 70000.00),
('580', '265', '8', 'Train Fare', 50000.00),
('581', '266', '1', 'Headphones', 500000.00),
('582', '266', '8', 'Expressway Toll', 60000.00),
('583', '267', '2', 'Jeans', 250000.00),
('584', '267', '8', 'Road Tax', 70000.00),
('585', '268', '3', 'Fantasy Book', 90000.00),
('586', '268', '8', 'Traffic Fine', 100000.00),
('587', '269', '4', 'Bookcase', 900000.00),
('588', '269', '8', 'Bus Fare', 15000.00),
('589', '270', '5', 'Card Game', 70000.00),
('590', '270', '8', 'Train Fare', 50000.00),
('591', '271', '1', 'Smartphone Charger', 80000.00),
('592', '271', '8', 'Expressway Toll', 60000.00),
('593', '272', '2', 'Dress', 300000.00),
('594', '272', '8', 'Toll Road Charge', 60000.00),
('595', '273', '3', 'Romance Novel', 75000.00),
('596', '273', '8', 'Taxi Fare', 80000.00),
('597', '274', '4', 'Desk', 800000.00),
('598', '274', '8', 'Toll Road Charge', 60000.00),
('599', '275', '5', 'Board Game', 250000.00),
('6', '3', '1', 'Headphones', 500000.00),
('600', '275', '8', 'Fuel', 50000.00),
('601', '271', '1', 'Smartphone Charger', 80000.00),
('602', '271', '8', 'Expressway Toll', 60000.00),
('603', '272', '2', 'Dress', 300000.00),
('604', '272', '8', 'Toll Road Charge', 60000.00),
('605', '273', '3', 'Romance Novel', 75000.00),
('606', '273', '8', 'Taxi Fare', 80000.00),
('607', '274', '4', 'Desk', 800000.00),
('608', '274', '8', 'Toll Road Charge', 60000.00),
('609', '275', '5', 'Board Game', 250000.00),
('61', '31', '1', 'Smart TV', 8000000.00),
('610', '275', '8', 'Fuel', 50000.00),
('611', '276', '1', 'Smartphone Case', 80000.00),
('612', '276', '8', 'Expressway Toll', 60000.00),
('613', '277', '2', 'Jeans', 250000.00),
('614', '277', '8', 'Road Tax', 70000.00),
('615', '278', '3', 'Fantasy Book', 90000.00),
('616', '278', '8', 'Traffic Fine', 100000.00),
('617', '279', '4', 'Bookcase', 900000.00),
('618', '279', '8', 'Bus Fare', 15000.00),
('619', '280', '5', 'Card Game', 70000.00),
('62', '31', '6', 'Burger', 50000.00),
('620', '280', '8', 'Train Fare', 50000.00),
('621', '281', '1', 'Headphones', 500000.00),
('622', '281', '8', 'Expressway Toll', 60000.00),
('623', '282', '2', 'Jeans', 250000.00),
('624', '282', '8', 'Road Tax', 70000.00),
('625', '283', '3', 'Fantasy Book', 90000.00),
('626', '283', '8', 'Traffic Fine', 100000.00),
('627', '284', '4', 'Bookcase', 900000.00),
('628', '284', '8', 'Bus Fare', 15000.00),
('629', '285', '5', 'Card Game', 70000.00),
('63', '32', '2', 'Dress Shirt', 300000.00),
('630', '285', '8', 'Train Fare', 50000.00),
('631', '286', '1', 'Smartphone Charger', 80000.00),
('632', '286', '8', 'Expressway Toll', 60000.00),
('633', '287', '2', 'Dress', 300000.00),
('634', '287', '8', 'Toll Road Charge', 60000.00),
('635', '288', '3', 'Romance Novel', 75000.00),
('636', '288', '8', 'Taxi Fare', 80000.00),
('637', '289', '4', 'Desk', 800000.00),
('638', '289', '8', 'Toll Road Charge', 60000.00),
('639', '290', '5', 'Board Game', 250000.00),
('64', '32', '6', 'Salad', 30000.00),
('640', '290', '8', 'Fuel', 50000.00),
('641', '291', '1', 'Smartphone Case', 80000.00),
('642', '291', '8', 'Expressway Toll', 60000.00),
('643', '292', '2', 'Jeans', 250000.00),
('644', '292', '8', 'Road Tax', 70000.00),
('645', '293', '3', 'Fantasy Book', 90000.00),
('646', '293', '8', 'Traffic Fine', 100000.00),
('647', '294', '4', 'Bookcase', 900000.00),
('648', '294', '8', 'Bus Fare', 15000.00),
('649', '295', '5', 'Card Game', 70000.00),
('65', '33', '3', 'Cooking Guide', 120000.00),
('650', '295', '8', 'Train Fare', 50000.00),
('651', '296', '1', 'Headphones', 500000.00),
('652', '296', '8', 'Expressway Toll', 60000.00),
('653', '297', '2', 'Jeans', 250000.00),
('654', '297', '8', 'Road Tax', 70000.00),
('655', '298', '3', 'Fantasy Book', 90000.00),
('656', '298', '8', 'Traffic Fine', 100000.00),
('657', '299', '4', 'Bookcase', 900000.00),
('658', '299', '8', 'Bus Fare', 15000.00),
('659', '300', '5', 'Card Game', 70000.00),
('66', '33', '6', 'Sandwich', 25000.00),
('660', '300', '8', 'Train Fare', 50000.00),
('67', '34', '4', 'Desk Lamp', 150000.00),
('68', '34', '6', 'Pizza', 75000.00),
('69', '35', '5', 'Chess Set', 100000.00),
('7', '4', '2', 'Jeans', 300000.00),
('70', '35', '6', 'Ice Cream', 30000.00),
('71', '36', '1', 'Digital Camera', 6000000.00),
('72', '36', '6', 'Sushi', 80000.00),
('73', '37', '2', 'Skirt', 350000.00),
('74', '37', '6', 'Smoothie', 40000.00),
('75', '38', '3', 'Adventure Novel', 80000.00),
('76', '38', '6', 'Fried Chicken', 45000.00),
('77', '39', '4', 'Bookshelf', 800000.00),
('78', '39', '6', 'Pasta', 60000.00),
('79', '40', '5', 'Jigsaw Puzzle', 80000.00),
('8', '4', '3', 'Cookbook', 250000.00),
('80', '40', '6', 'Fruit Salad', 40000.00),
('81', '41', '1', 'Smartphone Case', 200000.00),
('82', '41', '6', 'Soup', 35000.00),
('83', '42', '2', 'Sweater', 400000.00),
('84', '42', '6', 'Taco', 45000.00),
('85', '43', '3', 'Coloring Book', 60000.00),
('86', '43', '6', 'French Fries', 25000.00),
('87', '44', '4', 'Coffee Table', 1000000.00),
('88', '44', '6', 'Baklava', 50000.00),
('89', '45', '5', 'Board Game', 250000.00),
('9', '5', '4', 'Table', 1500000.00),
('90', '45', '6', 'Cereal', 30000.00),
('91', '46', '1', 'Smart TV', 8000000.00),
('92', '46', '6', 'Burger', 50000.00),
('93', '47', '2', 'Dress Shirt', 300000.00),
('94', '47', '6', 'Salad', 30000.00),
('95', '48', '3', 'Cooking Guide', 120000.00),
('96', '48', '6', 'Sandwich', 25000.00),
('97', '49', '4', 'Desk Lamp', 150000.00),
('98', '49', '6', 'Pizza', 75000.00),
('99', '50', '5', 'Chess Set', 100000.00);

-- --------------------------------------------------------

--
-- Stand-in structure for view `foods_spending`
-- (See below for the actual view)
--
CREATE TABLE `foods_spending` (
`date` date
,`total_product_price` decimal(32,2)
);

-- --------------------------------------------------------

--
-- Stand-in structure for view `furniture_spending`
-- (See below for the actual view)
--
CREATE TABLE `furniture_spending` (
`date` date
,`total_product_price` decimal(32,2)
);

-- --------------------------------------------------------

--
-- Stand-in structure for view `games_spending`
-- (See below for the actual view)
--
CREATE TABLE `games_spending` (
`date` date
,`total_product_price` decimal(32,2)
);

-- --------------------------------------------------------

--
-- Stand-in structure for view `health_spending`
-- (See below for the actual view)
--
CREATE TABLE `health_spending` (
`date` date
,`total_product_price` decimal(32,2)
);

-- --------------------------------------------------------

--
-- Stand-in structure for view `other_spending`
-- (See below for the actual view)
--
CREATE TABLE `other_spending` (
`date` date
,`total_product_price` decimal(32,2)
);

-- --------------------------------------------------------

--
-- Stand-in structure for view `report`
-- (See below for the actual view)
--
CREATE TABLE `report` (
`receipt_id` varchar(50)
,`user_name` varchar(255)
,`category_name` varchar(255)
,`product_name` varchar(255)
,`product_price` decimal(10,2)
,`date` date
);

-- --------------------------------------------------------

--
-- Stand-in structure for view `traffic_spending`
-- (See below for the actual view)
--
CREATE TABLE `traffic_spending` (
`date` date
,`total_product_price` decimal(32,2)
);

-- --------------------------------------------------------

--
-- Table structure for table `user`
--

CREATE TABLE `user` (
  `user_id` varchar(50) NOT NULL,
  `user_name` varchar(255) DEFAULT NULL,
  `email` varchar(255) DEFAULT NULL,
  `password` varchar(255) DEFAULT NULL
) ENGINE=InnoDB DEFAULT CHARSET=utf8mb4 COLLATE=utf8mb4_general_ci;

--
-- Dumping data for table `user`
--

INSERT INTO `user` (`user_id`, `user_name`, `email`, `password`) VALUES
('1', 'Agus Santoso', 'agussantoso@gmail.com', 'password123'),
('10', 'Joko Susilo', 'jokosusilo@gmail.com', 'testpass123'),
('11', 'Kurnia Sari', 'kurniasari@gmail.com', 'securepass456'),
('12', 'Lia Fitriani', 'liafitriani@gmail.com', 'password123'),
('13', 'Mira Wati', 'mirawati@gmail.com', 'testpass789'),
('14', 'Nita Puspita', 'nitapuspita@gmail.com', 'securepass789'),
('15', 'Oscar Putra', 'oscarputra@gmail.com', 'password123'),
('2', 'Budi Cahyono', 'budicahyono@gmail.com', 'securepass'),
('3', 'Citra Dewi', 'citradewi@gmail.com', 'pass123'),
('4', 'Dewi Lestari', 'dewilestari@gmail.com', 'password456'),
('5', 'Eko Prasetyo', 'ekoprasetyo@gmail.com', 'testpass'),
('6', 'Fita Rahmawati', 'fitarahmawati@gmail.com', 'password789'),
('7', 'Galih Wijaya', 'galihwijaya@gmail.com', 'securepass123'),
('8', 'Hana Sari', 'hanasari@gmail.com', 'testpass456'),
('9', 'Indra Setiawan', 'indrasetiawan@gmail.com', 'password789');

-- --------------------------------------------------------

--
-- Structure for view `all_spending`
--
DROP TABLE IF EXISTS `all_spending`;

CREATE ALGORITHM=UNDEFINED DEFINER=`root`@`localhost` SQL SECURITY DEFINER VIEW `all_spending`  AS SELECT `report`.`date` AS `date`, sum(`report`.`product_price`) AS `total_product_price` FROM `report` GROUP BY `report`.`date` ;

-- --------------------------------------------------------

--
-- Structure for view `books_spending`
--
DROP TABLE IF EXISTS `books_spending`;

CREATE ALGORITHM=UNDEFINED DEFINER=`root`@`localhost` SQL SECURITY DEFINER VIEW `books_spending`  AS SELECT `report`.`date` AS `date`, sum(`report`.`product_price`) AS `total_product_price` FROM `report` WHERE `report`.`category_name` = 'books' GROUP BY `report`.`date` ;

-- --------------------------------------------------------

--
-- Structure for view `category_summary`
--
DROP TABLE IF EXISTS `category_summary`;

CREATE ALGORITHM=UNDEFINED DEFINER=`root`@`localhost` SQL SECURITY DEFINER VIEW `category_summary`  AS SELECT `c`.`category_name` AS `category_name`, sum(`fd`.`product_price`) AS `total_spending`, concat(round(sum(`fd`.`product_price`) / (select sum(`faktur_detail`.`product_price`) from `faktur_detail`) * 100,2),'%') AS `spending_percentage` FROM (`category` `c` join `faktur_detail` `fd` on(`c`.`category_id` = `fd`.`category_id`)) GROUP BY `c`.`category_name` ORDER BY sum(`fd`.`product_price`) DESC ;

-- --------------------------------------------------------

--
-- Structure for view `clothing_spending`
--
DROP TABLE IF EXISTS `clothing_spending`;

CREATE ALGORITHM=UNDEFINED DEFINER=`root`@`localhost` SQL SECURITY DEFINER VIEW `clothing_spending`  AS SELECT `report`.`date` AS `date`, sum(`report`.`product_price`) AS `total_product_price` FROM `report` WHERE `report`.`category_name` = 'clothing' GROUP BY `report`.`date` ;

-- --------------------------------------------------------

--
-- Structure for view `electronics_spending`
--
DROP TABLE IF EXISTS `electronics_spending`;

CREATE ALGORITHM=UNDEFINED DEFINER=`root`@`localhost` SQL SECURITY DEFINER VIEW `electronics_spending`  AS SELECT `report`.`date` AS `date`, sum(`report`.`product_price`) AS `total_product_price` FROM `report` WHERE `report`.`category_name` = 'electronics' GROUP BY `report`.`date` ;

-- --------------------------------------------------------

--
-- Structure for view `foods_spending`
--
DROP TABLE IF EXISTS `foods_spending`;

CREATE ALGORITHM=UNDEFINED DEFINER=`root`@`localhost` SQL SECURITY DEFINER VIEW `foods_spending`  AS SELECT `report`.`date` AS `date`, sum(`report`.`product_price`) AS `total_product_price` FROM `report` WHERE `report`.`category_name` = 'foods' GROUP BY `report`.`date` ;

-- --------------------------------------------------------

--
-- Structure for view `furniture_spending`
--
DROP TABLE IF EXISTS `furniture_spending`;

CREATE ALGORITHM=UNDEFINED DEFINER=`root`@`localhost` SQL SECURITY DEFINER VIEW `furniture_spending`  AS SELECT `report`.`date` AS `date`, sum(`report`.`product_price`) AS `total_product_price` FROM `report` WHERE `report`.`category_name` = 'furniture' GROUP BY `report`.`date` ;

-- --------------------------------------------------------

--
-- Structure for view `games_spending`
--
DROP TABLE IF EXISTS `games_spending`;

CREATE ALGORITHM=UNDEFINED DEFINER=`root`@`localhost` SQL SECURITY DEFINER VIEW `games_spending`  AS SELECT `report`.`date` AS `date`, sum(`report`.`product_price`) AS `total_product_price` FROM `report` WHERE `report`.`category_name` = 'games' GROUP BY `report`.`date` ;

-- --------------------------------------------------------

--
-- Structure for view `health_spending`
--
DROP TABLE IF EXISTS `health_spending`;

CREATE ALGORITHM=UNDEFINED DEFINER=`root`@`localhost` SQL SECURITY DEFINER VIEW `health_spending`  AS SELECT `report`.`date` AS `date`, sum(`report`.`product_price`) AS `total_product_price` FROM `report` WHERE `report`.`category_name` = 'health' GROUP BY `report`.`date` ;

-- --------------------------------------------------------

--
-- Structure for view `other_spending`
--
DROP TABLE IF EXISTS `other_spending`;

CREATE ALGORITHM=UNDEFINED DEFINER=`root`@`localhost` SQL SECURITY DEFINER VIEW `other_spending`  AS SELECT `report`.`date` AS `date`, sum(`report`.`product_price`) AS `total_product_price` FROM `report` WHERE `report`.`category_name` = 'other' GROUP BY `report`.`date` ;

-- --------------------------------------------------------

--
-- Structure for view `report`
--
DROP TABLE IF EXISTS `report`;

CREATE ALGORITHM=UNDEFINED DEFINER=`root`@`localhost` SQL SECURITY DEFINER VIEW `report`  AS SELECT `f`.`receipt_id` AS `receipt_id`, `u`.`user_name` AS `user_name`, `c`.`category_name` AS `category_name`, `fd`.`product_name` AS `product_name`, `fd`.`product_price` AS `product_price`, `d`.`date` AS `date` FROM ((((`faktur` `f` join `user` `u` on(`f`.`user_id` = `u`.`user_id`)) join `faktur_detail` `fd` on(`f`.`receipt_id` = `fd`.`receipt_id`)) join `category` `c` on(`fd`.`category_id` = `c`.`category_id`)) join `date` `d` on(`f`.`date_id` = `d`.`date_id`)) ;

-- --------------------------------------------------------

--
-- Structure for view `traffic_spending`
--
DROP TABLE IF EXISTS `traffic_spending`;

CREATE ALGORITHM=UNDEFINED DEFINER=`root`@`localhost` SQL SECURITY DEFINER VIEW `traffic_spending`  AS SELECT `report`.`date` AS `date`, sum(`report`.`product_price`) AS `total_product_price` FROM `report` WHERE `report`.`category_name` = 'traffic' GROUP BY `report`.`date` ;

--
-- Indexes for dumped tables
--

--
-- Indexes for table `category`
--
ALTER TABLE `category`
  ADD PRIMARY KEY (`category_id`);

--
-- Indexes for table `date`
--
ALTER TABLE `date`
  ADD PRIMARY KEY (`date_id`);

--
-- Indexes for table `faktur`
--
ALTER TABLE `faktur`
  ADD PRIMARY KEY (`receipt_id`),
  ADD KEY `user_id` (`user_id`),
  ADD KEY `date_id` (`date_id`);

--
-- Indexes for table `faktur_detail`
--
ALTER TABLE `faktur_detail`
  ADD PRIMARY KEY (`detail_id`),
  ADD KEY `receipt_id` (`receipt_id`),
  ADD KEY `category_id` (`category_id`);

--
-- Indexes for table `user`
--
ALTER TABLE `user`
  ADD PRIMARY KEY (`user_id`);

--
-- Constraints for dumped tables
--

--
-- Constraints for table `faktur`
--
ALTER TABLE `faktur`
  ADD CONSTRAINT `faktur_ibfk_1` FOREIGN KEY (`user_id`) REFERENCES `user` (`user_id`),
  ADD CONSTRAINT `faktur_ibfk_2` FOREIGN KEY (`date_id`) REFERENCES `date` (`date_id`);

--
-- Constraints for table `faktur_detail`
--
ALTER TABLE `faktur_detail`
  ADD CONSTRAINT `faktur_detail_ibfk_1` FOREIGN KEY (`receipt_id`) REFERENCES `faktur` (`receipt_id`),
  ADD CONSTRAINT `faktur_detail_ibfk_2` FOREIGN KEY (`category_id`) REFERENCES `category` (`category_id`);
COMMIT;

/*!40101 SET CHARACTER_SET_CLIENT=@OLD_CHARACTER_SET_CLIENT */;
/*!40101 SET CHARACTER_SET_RESULTS=@OLD_CHARACTER_SET_RESULTS */;
/*!40101 SET COLLATION_CONNECTION=@OLD_COLLATION_CONNECTION */;
